{
  "version": 1,
  "author": "Anonymous maker",
  "editor": "wokwi",
  "parts": [
    { "type": "board-esp32-devkit-c-v4", "id": "esp", "top": 230.4, "left": -139.16, "attrs": {} },
    {
      "type": "wokwi-membrane-keypad",
      "id": "keypad1",
      "top": -213.2,
      "left": -23.2,
      "attrs": {}
    }
  ],
  "connections": [
    [ "esp:TX", "$serialMonitor:RX", "", [] ],
    [ "esp:RX", "$serialMonitor:TX", "", [] ],
    [ "esp:19", "keypad1:R1", "green", [ "h0" ] ],
    [ "esp:18", "keypad1:R2", "green", [ "h0" ] ],
    [ "esp:5", "keypad1:R3", "green", [ "h0" ] ],
    [ "esp:17", "keypad1:R4", "green", [ "h0" ] ],
    [ "esp:16", "keypad1:C1", "green", [ "h0" ] ],
    [ "esp:4", "keypad1:C2", "green", [ "h0" ] ],
    [ "esp:2", "keypad1:C3", "green", [ "h0" ] ],
    [ "esp:15", "keypad1:C4", "green", [ "h182.4", "v-278.4" ] ]
  ],
  "dependencies": {}
}