{
  "version": 1,
  "author": "Anthony Alexandre Rodrigues Cavalcanti",
  "editor": "wokwi",
  "parts": [
    { "type": "wokwi-breadboard", "id": "bb1", "top": -31.8, "left": -323.6, "attrs": {} },
    {
      "type": "board-esp32-devkit-c-v4",
      "id": "esp",
      "top": -29.94,
      "left": 73.7,
      "rotate": 270,
      "attrs": {}
    },
    { "type": "wokwi-led", "id": "led1", "top": -22.8, "left": -121, "attrs": { "color": "red" } },
    {
      "type": "wokwi-resistor",
      "id": "r1",
      "top": 32.75,
      "left": -96,
      "attrs": { "value": "220000" }
    }
  ],
  "connections": [
    [ "esp:TX", "$serialMonitor:RX", "", [] ],
    [ "esp:RX", "$serialMonitor:TX", "", [] ],
    [ "esp:0", "bb1:50t.b", "", [ "$bb" ] ],
    [ "esp:2", "bb1:51t.b", "", [ "$bb" ] ],
    [ "esp:4", "bb1:49t.b", "", [ "$bb" ] ],
    [ "esp:5", "bb1:46t.b", "", [ "$bb" ] ],
    [ "esp:12", "bb1:49b.j", "", [ "$bb" ] ],
    [ "esp:13", "bb1:51b.j", "", [ "$bb" ] ],
    [ "esp:14", "bb1:48b.j", "", [ "$bb" ] ],
    [ "esp:15", "bb1:52t.b", "", [ "$bb" ] ],
    [ "esp:16", "bb1:48t.b", "", [ "$bb" ] ],
    [ "esp:17", "bb1:47t.b", "", [ "$bb" ] ],
    [ "esp:18", "bb1:45t.b", "", [ "$bb" ] ],
    [ "esp:19", "bb1:44t.b", "", [ "$bb" ] ],
    [ "esp:21", "bb1:42t.b", "", [ "$bb" ] ],
    [ "esp:22", "bb1:39t.b", "", [ "$bb" ] ],
    [ "esp:23", "bb1:38t.b", "", [ "$bb" ] ],
    [ "esp:25", "bb1:45b.j", "", [ "$bb" ] ],
    [ "esp:26", "bb1:46b.j", "", [ "$bb" ] ],
    [ "esp:27", "bb1:47b.j", "", [ "$bb" ] ],
    [ "esp:32", "bb1:43b.j", "", [ "$bb" ] ],
    [ "esp:33", "bb1:44b.j", "", [ "$bb" ] ],
    [ "esp:34", "bb1:41b.j", "", [ "$bb" ] ],
    [ "esp:35", "bb1:42b.j", "", [ "$bb" ] ],
    [ "esp:3V3", "bb1:37b.j", "", [ "$bb" ] ],
    [ "esp:EN", "bb1:38b.j", "", [ "$bb" ] ],
    [ "esp:VP", "bb1:39b.j", "", [ "$bb" ] ],
    [ "esp:VN", "bb1:40b.j", "", [ "$bb" ] ],
    [ "esp:GND.1", "bb1:50b.j", "", [ "$bb" ] ],
    [ "esp:D2", "bb1:52b.j", "", [ "$bb" ] ],
    [ "esp:D3", "bb1:53b.j", "", [ "$bb" ] ],
    [ "esp:CMD", "bb1:54b.j", "", [ "$bb" ] ],
    [ "esp:5V", "bb1:55b.j", "", [ "$bb" ] ],
    [ "esp:GND.2", "bb1:37t.b", "", [ "$bb" ] ],
    [ "esp:TX", "bb1:40t.b", "", [ "$bb" ] ],
    [ "esp:RX", "bb1:41t.b", "", [ "$bb" ] ],
    [ "esp:GND.3", "bb1:43t.b", "", [ "$bb" ] ],
    [ "esp:D1", "bb1:53t.b", "", [ "$bb" ] ],
    [ "esp:D0", "bb1:54t.b", "", [ "$bb" ] ],
    [ "esp:CLK", "bb1:55t.b", "", [ "$bb" ] ],
    [ "led1:A", "bb1:22t.a", "", [ "$bb" ] ],
    [ "led1:C", "bb1:21t.a", "", [ "$bb" ] ],
    [ "r1:1", "bb1:22t.c", "", [ "$bb" ] ],
    [ "r1:2", "bb1:28t.c", "", [ "$bb" ] ],
    [ "bb1:21t.e", "esp:GND.1", "black", [ "v153.6", "h105.6" ] ],
    [ "bb1:28t.a", "esp:2", "red", [ "v-76.8", "h134.4" ] ]
  ],
  "dependencies": {}
}