{
  "version": 1,
  "author": "Anthony Alexandre Rodrigues Cavalcanti",
  "editor": "wokwi",
  "parts": [
    { "type": "wokwi-breadboard", "id": "bb1", "top": -118.2, "left": -246.8, "attrs": {} },
    {
      "type": "board-esp32-devkit-c-v4",
      "id": "esp",
      "top": -125.94,
      "left": 102.5,
      "rotate": 270,
      "attrs": {}
    },
    { "type": "wokwi-led", "id": "led1", "top": -90, "left": -44.2, "attrs": { "color": "red" } },
    {
      "type": "wokwi-resistor",
      "id": "r1",
      "top": -44.05,
      "left": -19.2,
      "attrs": { "value": "220000" }
    }
  ],
  "connections": [
    [ "esp:TX", "$serialMonitor:RX", "", [] ],
    [ "esp:RX", "$serialMonitor:TX", "", [] ],
    [ "esp:0", "bb1:45t.a", "", [ "$bb" ] ],
    [ "esp:2", "bb1:46t.a", "", [ "$bb" ] ],
    [ "esp:4", "bb1:44t.a", "", [ "$bb" ] ],
    [ "esp:5", "bb1:41t.a", "", [ "$bb" ] ],
    [ "esp:12", "bb1:44b.i", "", [ "$bb" ] ],
    [ "esp:13", "bb1:46b.i", "", [ "$bb" ] ],
    [ "esp:14", "bb1:43b.i", "", [ "$bb" ] ],
    [ "esp:15", "bb1:47t.a", "", [ "$bb" ] ],
    [ "esp:16", "bb1:43t.a", "", [ "$bb" ] ],
    [ "esp:17", "bb1:42t.a", "", [ "$bb" ] ],
    [ "esp:18", "bb1:40t.a", "", [ "$bb" ] ],
    [ "esp:19", "bb1:39t.a", "", [ "$bb" ] ],
    [ "esp:21", "bb1:37t.a", "", [ "$bb" ] ],
    [ "esp:22", "bb1:34t.a", "", [ "$bb" ] ],
    [ "esp:23", "bb1:33t.a", "", [ "$bb" ] ],
    [ "esp:25", "bb1:40b.i", "", [ "$bb" ] ],
    [ "esp:26", "bb1:41b.i", "", [ "$bb" ] ],
    [ "esp:27", "bb1:42b.i", "", [ "$bb" ] ],
    [ "esp:32", "bb1:38b.i", "", [ "$bb" ] ],
    [ "esp:33", "bb1:39b.i", "", [ "$bb" ] ],
    [ "esp:34", "bb1:36b.i", "", [ "$bb" ] ],
    [ "esp:35", "bb1:37b.i", "", [ "$bb" ] ],
    [ "esp:3V3", "bb1:32b.i", "", [ "$bb" ] ],
    [ "esp:EN", "bb1:33b.i", "", [ "$bb" ] ],
    [ "esp:VP", "bb1:34b.i", "", [ "$bb" ] ],
    [ "esp:VN", "bb1:35b.i", "", [ "$bb" ] ],
    [ "esp:GND.1", "bb1:45b.i", "", [ "$bb" ] ],
    [ "esp:D2", "bb1:47b.i", "", [ "$bb" ] ],
    [ "esp:D3", "bb1:48b.i", "", [ "$bb" ] ],
    [ "esp:CMD", "bb1:49b.i", "", [ "$bb" ] ],
    [ "esp:5V", "bb1:50b.i", "", [ "$bb" ] ],
    [ "esp:GND.2", "bb1:32t.a", "", [ "$bb" ] ],
    [ "esp:TX", "bb1:35t.a", "", [ "$bb" ] ],
    [ "esp:RX", "bb1:36t.a", "", [ "$bb" ] ],
    [ "esp:GND.3", "bb1:38t.a", "", [ "$bb" ] ],
    [ "esp:D1", "bb1:48t.a", "", [ "$bb" ] ],
    [ "esp:D0", "bb1:49t.a", "", [ "$bb" ] ],
    [ "esp:CLK", "bb1:50t.a", "", [ "$bb" ] ],
    [ "led1:A", "bb1:22t.c", "", [ "$bb" ] ],
    [ "led1:C", "bb1:21t.c", "", [ "$bb" ] ],
    [ "r1:1", "bb1:22t.d", "", [ "$bb" ] ],
    [ "r1:2", "bb1:28t.d", "", [ "$bb" ] ],
    [ "bb1:21t.e", "esp:GND.1", "green", [ "v182.4", "h28.8" ] ],
    [ "bb1:28t.a", "esp:2", "green", [ "v-96", "h9.6", "v0", "h153.6" ] ]
  ],
  "dependencies": {}
}